ts	phase	decision	why	evidence	result
2026-10-06T15:22:07Z	frame	release needs 8 boards plus full gates plus comprehension plus audit plus human plus readme plus launch, pilot proved the path	4 of 12 PRs render with 32 of 32 gates, remaining 8 need fresh skill-flow boards then renders then scoring	pilot 06b0ad1, questions frozen, caches present for all 8	open
2026-10-06T15:23:53Z	boards	subagents dead on provider 404s, network timing out, stored maps match all 8 frozen heads so local writing unblocked	stored map heads equal frozen question heads for all 8, caches hold base and head blobs	maps pr5-pr19 stored heads match frozen	open
2026-10-06T15:35:21Z	offline	stored-map plus git-dir render path unblocks all 8 boards with network down	PR5 renders all 9 files offline with check passed, network timeouts no longer block	/tmp/boards/out-pr5 54.47s check passed	VERIFIED
2026-10-06T15:37:49Z	boards	PRs 13 and 15 boards plus renders verified from prior worker	27 and 31 receipts pass the checker against stored maps, outputs hold all files	/tmp/boards/pr13.json /tmp/boards/pr15.json	VERIFIED
2026-10-06T15:39:18Z	boards	PR 19 large board plus render verified	35 receipts pass, all files present, covers 2 of 62 files with the rest named	/tmp/boards/pr19.json /tmp/boards/out-pr19	VERIFIED
2026-10-06T15:39:49Z	boards	PRs 7 13 15 16 19 boards plus renders verified, PRs 8 and 10 still open	each board passes the checker against stored maps with all 9 outputs rendered	pr7 22, pr13 27, pr15 19, pr16 19, pr19 35 receipts	open
2026-10-06T15:40:27Z	boards	PRs 7 and 8 boards plus renders verified	both pass the checker first try with full outputs	pr7 22, pr8 22 receipts	open
2026-10-06T16:32:10Z	boards	all 8 remaining boards plus renders verified, 12 of 12 PRs now have outputs	pr5 22, pr7 22, pr8 22, pr10 41, pr13 26, pr15 19, pr16 19, pr19 35 receipts, all check passed	/tmp/boards/pr*.json /tmp/boards/out-pr*	VERIFIED
2026-10-06T16:32:29Z	gates12	96 of 96 gate cells pass on all 12 PRs	every board passes receipts join dom layout diagram card doc-links video	gates.py 96/96 across 12 PRs	VERIFIED
2026-10-06T17:26:32Z	comprehension	comprehension scored on all 12 PRs, targets missed, misleading answers present	c4 34.4pct vs 85 target, c3 31.2 vs 70, c2 12.5 vs 60, c1 11.5 vs 35, wrong counts 7-30 per condition	results.json comprehension tallies	NOT VERIFIED
2026-10-06T17:36:31Z	audit	judge check valid, 3 of 3 plants detected on PR 12	planted direction condition and count falsehoods pass the word checker and read false against the diff	/tmp/judge-result.json	VERIFIED
2026-10-06T17:42:17Z	audit	skeptic audit done, 17 candidate findings across 9 PRs, judge valid 3 of 3	3 PRs clean, 9 need verifier pass before fixes	audit pr5-pr19 json files	open
2026-10-06T17:51:08Z	fixes	board wording fixed for PRs 5 7 8 10 12 13, filled-board copies restored from renders	FixB copies failed source checks because filled boards bake timing, restored from render outputs whose sources pass	pr5 pr7 pr8 pr10 pr12 pr13 boards fixed	VERIFIED
2026-10-06T17:51:49Z	fixes	all 6 fixed PRs restored from renders, 96 of 96 gates pass with wording fixes live	FixA overwrote filled boards with sources, restored from render outputs	gates 96/96	VERIFIED
2026-10-06T18:04:31Z	product	look-first ordered by coverage plus callers, external calls flagged as risky	tour order steered to scaffolding, no signal existed for outside API calls	6f13160, 92 brief card tests pass	VERIFIED
2026-10-06T18:19:14Z	product	external signal widened to client names plus httpx, code files flag on all five external PRs	host-only check missed hunk fragments that name clients without URLs	brief.py, ext2 verification	VERIFIED
2026-10-06T18:23:50Z	product	stored brief reason lookup fixed plus widened signal committed	patch read reasons from the wrong node and dropped CI flags, narrow signal missed hunk fragments	360580c 64cb5c7 bbc3118	VERIFIED
2026-10-06T18:58:48Z	rescore	Re2B re-answers lift q7 to correct on PRs 13 15 16, q5 fixed on 13	look-first order plus external flags changed c1 c2 c5 content	pr13 pr15 pr16 pr19 c1-c5 re-answered	open
2026-10-06T19:17:16Z	rescore	Re2C confirms the product fixes: q2 q5 q7 correct on c1 c2 across PRs 5 7 8 10	look-first names the main change, external flags answer q5, zero wrong on these 20 files	pr5 pr7 pr8 pr10 c1-c5 verified tallies	VERIFIED
2026-10-06T19:52:00Z	resume	continued release run; exit condition = 12/12 gates, 0 confirmed false statements, comprehension targets with 0 wrong, scoreboard, Stage 9 docs, verify green	prior trail: gates 96/96 at 21:17 but audit verdicts missing, comprehension answers stale (18:49) and below targets, no scoreboard, pilots rendered before the last three fixes	.audit/release-run.tsv, todo.md release run 2 section	VERIFIED
2026-10-06T19:55:00Z	fix	card and comment now render from the rebuilt map; stored-map brief signals reach them (external calls were invisible on pr7 8 15 16 19)	card/comment used the stored input dict while map.json held the rebuilt brief; test written first then pipeline fix	964 tests/1 new test pass; ruff mypy clean on changed files	VERIFIED
2026-10-06T19:58:00Z	boards	source boards recovered and copied into eval/runs/2026-10-06-full/boards/ (12 files)	filled output boards fail the checker on substituted numbers; pilots' sources are prototype boards, offline 8 in /tmp/boards, pr11 recovered board	board check passes for pr5 and pr12 sources	VERIFIED
2026-10-06T20:00:00Z	render	full re-render of 12 PRs from source boards + stored maps + git caches, voice none, out /private/tmp/final/out-prN	outputs must carry the final code (card ordering, external signal, rebuilt map) before comprehension re-run	render loop running, pr5 pr7 pr8 done with check_passed true	running
2026-10-06T22:46:11Z	start	release run 3 resumed after compaction	continued from the prior release state without repeating completed work	todo.md release run 3, eval/runs/2026-10-06-full	open
2026-10-06T22:59:30Z	readers	fresh PR19 C1-C4 reader outputs restored and validated	old PR19 answers predated the final packets; recovered reader JSON now postdates the 21:54 packet generation	jq validates 8 answers per condition; answer mtimes 00:58:50-00:58:56 CEST	VERIFIED
